Nemotécnico;Emisor;Clase de título;Fecha de vencimiento;Cantidad;Volúmenes
TFIT16280428;GOBIERNO NACIONAL;TITULOS TES;Thu Apr 27 2028 19:00:00 GMT-0500 (hora estándar de Colombia);1035700000000;977829919200;CONTADO;TFIT16280428
TFIT21280542;GOBIERNO NACIONAL;TITULOS TES;Tue May 27 2042 19:00:00 GMT-0500 (hora estándar de Colombia);558950000000;549554425450;CONTADO;TFIT21280542
TFIT11090233;GOBIERNO NACIONAL;TITULOS TES;Tue Feb 08 2033 19:00:00 GMT-0500 (hora estándar de Colombia);342900000000;412563792800;CONTADO;TFIT11090233
TUVT11070525;GOBIERNO NACIONAL;TITULOS TES EN UVR;Tue May 06 2025 19:00:00 GMT-0500 (hora estándar de Colombia);500000000;187052545933;CONTADO;TUVT11070525
TFIT08031127;GOBIERNO NACIONAL;TITULOS TES;Tue Nov 02 2027 19:00:00 GMT-0500 (hora estándar de Colombia);143500000000;131369208000;CONTADO;TFIT08031127
TUVT18250237;GOBIERNO NACIONAL;TITULOS TES EN UVR;Tue Feb 24 2037 19:00:00 GMT-0500 (hora estándar de Colombia);215000000;74085231363;CONTADO;TUVT18250237
TUVT10180429;GOBIERNO NACIONAL;TITULOS TES EN UVR;Tue Apr 17 2029 19:00:00 GMT-0500 (hora estándar de Colombia);174000000;59192409279;CONTADO;TUVT10180429
TFIT10260331;GOBIERNO NACIONAL;TITULOS TES;Tue Mar 25 2031 19:00:00 GMT-0500 (hora estándar de Colombia);56000000000;52840660000;CONTADO;TFIT10260331
BGLT12141135;GOBIERNO NACIONAL;BONOS DEUDA PUB. EXT DOLARES;Tue Nov 13 2035 19:00:00 GMT-0500 (hora estándar de Colombia);10000000;41531179330;CONTADO;BGLT12141135
TFIT31261050;GOBIERNO NACIONAL;TITULOS TES;Tue Oct 25 2050 19:00:00 GMT-0500 (hora estándar de Colombia);53420000000;40322606660;CONTADO;TFIT31261050
TFIT16300632;GOBIERNO NACIONAL;TITULOS TES;Tue Jun 29 2032 19:00:00 GMT-0500 (hora estándar de Colombia);44600000000;40274522600;CONTADO;TFIT16300632
TIDISDVL;GOBIERNO NACIONAL;TIDIS-TIT.DEVOLUCION IMPUESTOS;Tue Dec 10 2024 19:00:00 GMT-0500 (hora estándar de Colombia);31566220000;31600942842;CONTADO;TIDISDVL-2023121120241211P0.0000
BGLT30260244;GOBIERNO NACIONAL;BONOS DEUDA PUB. EXT DOLARES;Thu Feb 25 2044 19:00:00 GMT-0500 (hora estándar de Colombia);10000000;31562063800;CONTADO;BGLT30260244
TFIT15260826;GOBIERNO NACIONAL;TITULOS TES;Tue Aug 25 2026 19:00:00 GMT-0500 (hora estándar de Colombia);16435000000;16455635195;CONTADO;TFIT15260826
TUVT32160649;GOBIERNO NACIONAL;TITULOS TES EN UVR;Tue Jun 15 2049 19:00:00 GMT-0500 (hora estándar de Colombia);45000000;14921391709;CONTADO;TUVT32160649
BGLT20210524;GOBIERNO NACIONAL;BONOS DEUDA PUB. EXT DOLARES;Mon May 20 2024 19:00:00 GMT-0500 (hora estándar de Colombia);3000000;12142892396;CONTADO;BGLT20210524
BGLT32180141;GOBIERNO NACIONAL;BONOS DEUDA PUB. EXT DOLARES;Thu Jan 17 2041 19:00:00 GMT-0500 (hora estándar de Colombia);3500000;11727152706;CONTADO;BGLT32180141
TUVT11170327;GOBIERNO NACIONAL;TITULOS TES EN UVR;Tue Mar 16 2027 19:00:00 GMT-0500 (hora estándar de Colombia);30000000;11022389331;CONTADO;TUVT11170327
TCO364050624;GOBIERNO NACIONAL;TITULOS TES;Tue Jun 04 2024 19:00:00 GMT-0500 (hora estándar de Colombia);10000000000;9698920000;CONTADO;TCO364050624
TCO364041224;GOBIERNO NACIONAL;TITULOS TES;Tue Dec 03 2024 19:00:00 GMT-0500 (hora estándar de Colombia);10000000000;9228380000;CONTADO;TCO364041224
BGLT11200433;GOBIERNO NACIONAL;BONOS DEUDA PUB. EXT DOLARES;Tue Apr 19 2033 19:00:00 GMT-0500 (hora estándar de Colombia);2000000;8426323678;CONTADO;BGLT11200433
TFIT16180930;GOBIERNO NACIONAL;TITULOS TES;Tue Sep 17 2030 19:00:00 GMT-0500 (hora estándar de Colombia);8000000000;7703460000;CONTADO;TFIT16180930
TUVT20040435;GOBIERNO NACIONAL;TITULOS TES EN UVR;Tue Apr 03 2035 19:00:00 GMT-0500 (hora estándar de Colombia);15000000;5747110407;CONTADO;TUVT20040435
TFIT16240724;GOBIERNO NACIONAL;TITULOS TES;Tue Jul 23 2024 19:00:00 GMT-0500 (hora estándar de Colombia);5000000000;5264775000;CONTADO;TFIT16240724
TFIT08261125;GOBIERNO NACIONAL;TITULOS TES;Tue Nov 25 2025 19:00:00 GMT-0500 (hora estándar de Colombia);5000000000;4891210000;CONTADO;TFIT08261125
TFVT10260331;GOBIERNO NACIONAL;TITULOS TES;Tue Mar 25 2031 19:00:00 GMT-0500 (hora estándar de Colombia);4900000000;4631465300;CONTADO;TFVT10260331
TFIT16090736;GOBIERNO NACIONAL;TITULOS TES;Tue Jul 08 2036 19:00:00 GMT-0500 (hora estándar de Colombia);4000000000;3104220000;CONTADO;TFIT16090736
CINAS;MINISTERIO DE CULTURA;CINAS-CERT.INV-AUDIOVISUAL;Fri Jan 30 2026 19:00:00 GMT-0500 (hora estándar de Colombia);2448000000;2396592000;CONTADO;CINAS-2024020120260131P0.0000
TIDISDVL;GOBIERNO NACIONAL;TIDIS-TIT.DEVOLUCION IMPUESTOS;Tue Nov 26 2024 19:00:00 GMT-0500 (hora estándar de Colombia);967023000;968957046;CONTADO;TIDISDVL-2023112720241127P0.0000
TIDISDVL;GOBIERNO NACIONAL;TIDIS-TIT.DEVOLUCION IMPUESTOS;Wed Dec 11 2024 19:00:00 GMT-0500 (hora estándar de Colombia);373943000;371755468;CONTADO;TIDISDVL-2023121220241212P0.0000
TIDISDVL;GOBIERNO NACIONAL;TIDIS-TIT.DEVOLUCION IMPUESTOS;Sat Dec 21 2024 19:00:00 GMT-0500 (hora estándar de Colombia);306645866;305055526;CONTADO;TIDISDVL-2023122220241222P0.0000
TIDISDVL;GOBIERNO NACIONAL;TIDIS-TIT.DEVOLUCION IMPUESTOS;Thu Dec 26 2024 19:00:00 GMT-0500 (hora estándar de Colombia);297686000;296851607;CONTADO;TIDISDVL-2023122720241227P0.0000
BEPT01169A10;UNE EPM TELECOMUNICACIONES;BONOS DEUDA PUBLICA INTERNA;Mon May 25 2026 19:00:00 GMT-0500 (hora estándar de Colombia);250000000;221115000;CONTADO;BEPT01169A10
TIDISDVL;GOBIERNO NACIONAL;TIDIS-TIT.DEVOLUCION IMPUESTOS;Fri Dec 20 2024 19:00:00 GMT-0500 (hora estándar de Colombia);199390000;197695185;CONTADO;TIDISDVL-2023122120241221P0.0000
TIDISDVL;GOBIERNO NACIONAL;TIDIS-TIT.DEVOLUCION IMPUESTOS;Fri Dec 27 2024 19:00:00 GMT-0500 (hora estándar de Colombia);100544000;99882627;CONTADO;TIDISDVL-2023122820241228P0.0000
TIDISDVL;GOBIERNO NACIONAL;TIDIS-TIT.DEVOLUCION IMPUESTOS;Wed Dec 18 2024 19:00:00 GMT-0500 (hora estándar de Colombia);99852000;98354220;CONTADO;TIDISDVL-2023121920241219P0.0000
TIDISDVL;GOBIERNO NACIONAL;TIDIS-TIT.DEVOLUCION IMPUESTOS;Sat Oct 05 2024 19:00:00 GMT-0500 (hora estándar de Colombia);95416000;94819650;CONTADO;TIDISDVL-2023100620241006P0.0000
TIDISDVL;GOBIERNO NACIONAL;TIDIS-TIT.DEVOLUCION IMPUESTOS;Thu Dec 05 2024 19:00:00 GMT-0500 (hora estándar de Colombia);80899000;81125517;CONTADO;TIDISDVL-2023120620241206P0.0000
TIDISDVL;GOBIERNO NACIONAL;TIDIS-TIT.DEVOLUCION IMPUESTOS;Wed Dec 04 2024 19:00:00 GMT-0500 (hora estándar de Colombia);56405211;56563146;CONTADO;TIDISDVL-2023120520241205P0.0000
TIDISDVL;GOBIERNO NACIONAL;TIDIS-TIT.DEVOLUCION IMPUESTOS;Thu Dec 19 2024 19:00:00 GMT-0500 (hora estándar de Colombia);56163789;56321048;CONTADO;TIDISDVL-2023122020241220P0.0000
TIDISDVL;GOBIERNO NACIONAL;TIDIS-TIT.DEVOLUCION IMPUESTOS;Wed Oct 23 2024 19:00:00 GMT-0500 (hora estándar de Colombia);55741000;55897075;CONTADO;TIDISDVL-2023102420241024P0.0000
TIDISDVL;GOBIERNO NACIONAL;TIDIS-TIT.DEVOLUCION IMPUESTOS;Sat Nov 09 2024 19:00:00 GMT-0500 (hora estándar de Colombia);54372000;54524242;CONTADO;TIDISDVL-2023111020241110P0.0000
TIDISDVL;GOBIERNO NACIONAL;TIDIS-TIT.DEVOLUCION IMPUESTOS;Sat Oct 19 2024 19:00:00 GMT-0500 (hora estándar de Colombia);47372000;47504642;CONTADO;TIDISDVL-2023102020241020P0.0000
